App Name,Category,App description,Price,ImageUrl
Universal App,Universal Language App,Learn multiple languages with ease using our comprehensive all-in-one app.,24.9,https://encrypted-tbn0.gstatic.com/images?q=tbn:ANd9GcTitzAnFdzViLEdezpp6LE9p_OSc61ownYKLA&s
Global App,Universal Language App,Expand your language skills globally with our universal language app.,33.09,https://encrypted-tbn0.gstatic.com/images?q=tbn:ANd9GcTitzAnFdzViLEdezpp6LE9p_OSc61ownYKLA&s
Universal App,Universal Language App,The ultimate tool for mastering several languages efficiently.,7.58,https://encrypted-tbn0.gstatic.com/images?q=tbn:ANd9GcTitzAnFdzViLEdezpp6LE9p_OSc61ownYKLA&s
All-in-One App,Universal Language App,Integrate multiple language learning paths in one app.,41.06,https://encrypted-tbn0.gstatic.com/images?q=tbn:ANd9GcTitzAnFdzViLEdezpp6LE9p_OSc61ownYKLA&s
Comprehensive App,Universal Language App,Seamlessly switch between languages and improve fluency.,36.81,https://encrypted-tbn0.gstatic.com/images?q=tbn:ANd9GcTitzAnFdzViLEdezpp6LE9p_OSc61ownYKLA&s
Universal App,Universal Language App,Perfect for polyglots and language enthusiasts.,46.47,https://encrypted-tbn0.gstatic.com/images?q=tbn:ANd9GcTitzAnFdzViLEdezpp6LE9p_OSc61ownYKLA&s
Global App,Universal Language App,A holistic approach to learning multiple languages.,41.38,https://encrypted-tbn0.gstatic.com/images?q=tbn:ANd9GcTitzAnFdzViLEdezpp6LE9p_OSc61ownYKLA&s
All-in-One App,Universal Language App,Efficiently learn new languages with interactive lessons.,5.37,https://encrypted-tbn0.gstatic.com/images?q=tbn:ANd9GcTitzAnFdzViLEdezpp6LE9p_OSc61ownYKLA&s
All-in-One App,Universal Language App,Combines traditional and modern techniques for language learning.,4.18,https://encrypted-tbn0.gstatic.com/images?q=tbn:ANd9GcTitzAnFdzViLEdezpp6LE9p_OSc61ownYKLA&s
Comprehensive App,Universal Language App,A versatile app designed for universal language acquisition.,40.62,https://encrypted-tbn0.gstatic.com/images?q=tbn:ANd9GcTitzAnFdzViLEdezpp6LE9p_OSc61ownYKLA&s
Universal App,Universal Language App,Offers a wide range of languages to choose from.,44.07,https://encrypted-tbn0.gstatic.com/images?q=tbn:ANd9GcTitzAnFdzViLEdezpp6LE9p_OSc61ownYKLA&s
Comprehensive App,Universal Language App,Customizable learning experiences for different languages.,48.47,https://encrypted-tbn0.gstatic.com/images?q=tbn:ANd9GcTitzAnFdzViLEdezpp6LE9p_OSc61ownYKLA&s
All-in-One App,Universal Language App,Supports language learning for all proficiency levels.,6.73,https://encrypted-tbn0.gstatic.com/images?q=tbn:ANd9GcTitzAnFdzViLEdezpp6LE9p_OSc61ownYKLA&s
Global App,Universal Language App,An engaging and interactive platform for multilingual learning.,44.13,https://encrypted-tbn0.gstatic.com/images?q=tbn:ANd9GcTitzAnFdzViLEdezpp6LE9p_OSc61ownYKLA&s
Universal App,Universal Language App,"Accessible language learning for everyone, everywhere.",45.01,https://encrypted-tbn0.gstatic.com/images?q=tbn:ANd9GcTitzAnFdzViLEdezpp6LE9p_OSc61ownYKLA&s
Universal App,Universal Language App,Enhance your linguistic capabilities with our app.,15.52,https://encrypted-tbn0.gstatic.com/images?q=tbn:ANd9GcTitzAnFdzViLEdezpp6LE9p_OSc61ownYKLA&s
All-in-One App,Universal Language App,Provides extensive resources for learning various languages.,31.26,https://encrypted-tbn0.gstatic.com/images?q=tbn:ANd9GcTitzAnFdzViLEdezpp6LE9p_OSc61ownYKLA&s
Universal App,Universal Language App,A comprehensive app that covers all aspects of language learning.,2.82,https://encrypted-tbn0.gstatic.com/images?q=tbn:ANd9GcTitzAnFdzViLEdezpp6LE9p_OSc61ownYKLA&s
Comprehensive App,Universal Language App,Learn languages on the go with our mobile-friendly interface.,15.15,https://encrypted-tbn0.gstatic.com/images?q=tbn:ANd9GcTitzAnFdzViLEdezpp6LE9p_OSc61ownYKLA&s
Comprehensive App,Universal Language App,A multilingual dictionary and phrasebook at your fingertips.,22.51,https://encrypted-tbn0.gstatic.com/images?q=tbn:ANd9GcTitzAnFdzViLEdezpp6LE9p_OSc61ownYKLA&s
All-in-One App,Universal Language App,Interactive and immersive lessons for multiple languages.,48.54,https://encrypted-tbn0.gstatic.com/images?q=tbn:ANd9GcTitzAnFdzViLEdezpp6LE9p_OSc61ownYKLA&s
Comprehensive App,Universal Language App,Developed by language experts for effective learning.,27.68,https://encrypted-tbn0.gstatic.com/images?q=tbn:ANd9GcTitzAnFdzViLEdezpp6LE9p_OSc61ownYKLA&s
Global App,Universal Language App,Tailored lessons to suit your language learning needs.,14.41,https://encrypted-tbn0.gstatic.com/images?q=tbn:ANd9GcTitzAnFdzViLEdezpp6LE9p_OSc61ownYKLA&s
All-in-One App,Universal Language App,Brings together the best language learning methods.,26.68,https://encrypted-tbn0.gstatic.com/images?q=tbn:ANd9GcTitzAnFdzViLEdezpp6LE9p_OSc61ownYKLA&s
Comprehensive App,Universal Language App,Your gateway to mastering multiple languages.,44.7,https://encrypted-tbn0.gstatic.com/images?q=tbn:ANd9GcTitzAnFdzViLEdezpp6LE9p_OSc61ownYKLA&s
Fable App,Language Storybook App,Engage in interactive stories to enhance your language skills.,11,https://encrypted-tbn0.gstatic.com/images?q=tbn:ANd9GcTitzAnFdzViLEdezpp6LE9p_OSc61ownYKLA&s
Storybook App,Language Storybook App,A magical journey through stories that teach new languages.,11.01,https://encrypted-tbn0.gstatic.com/images?q=tbn:ANd9GcTitzAnFdzViLEdezpp6LE9p_OSc61ownYKLA&s
Narrative App,Language Storybook App,Learn languages through captivating storybooks.,40.68,https://encrypted-tbn0.gstatic.com/images?q=tbn:ANd9GcTitzAnFdzViLEdezpp6LE9p_OSc61ownYKLA&s
Storybook App,Language Storybook App,Interactive tales that make language learning fun and easy.,36.02,https://encrypted-tbn0.gstatic.com/images?q=tbn:ANd9GcTitzAnFdzViLEdezpp6LE9p_OSc61ownYKLA&s
Narrative App,Language Storybook App,Immerse yourself in stories designed to improve language proficiency.,48.55,https://encrypted-tbn0.gstatic.com/images?q=tbn:ANd9GcTitzAnFdzViLEdezpp6LE9p_OSc61ownYKLA&s
Fable App,Language Storybook App,An enchanting way to learn languages through storytelling.,14.38,https://encrypted-tbn0.gstatic.com/images?q=tbn:ANd9GcTitzAnFdzViLEdezpp6LE9p_OSc61ownYKLA&s
Fable App,Language Storybook App,Enhance your vocabulary and grammar with story-driven lessons.,33.07,https://encrypted-tbn0.gstatic.com/images?q=tbn:ANd9GcTitzAnFdzViLEdezpp6LE9p_OSc61ownYKLA&s
Storybook App,Language Storybook App,A collection of stories that make language learning enjoyable.,41.76,https://encrypted-tbn0.gstatic.com/images?q=tbn:ANd9GcTitzAnFdzViLEdezpp6LE9p_OSc61ownYKLA&s
Tale App,Language Storybook App,Interactive illustrations and audio to support language learning.,11.95,https://encrypted-tbn0.gstatic.com/images?q=tbn:ANd9GcTitzAnFdzViLEdezpp6LE9p_OSc61ownYKLA&s
Fable App,Language Storybook App,Stories crafted to build language skills in an engaging way.,41.54,https://encrypted-tbn0.gstatic.com/images?q=tbn:ANd9GcTitzAnFdzViLEdezpp6LE9p_OSc61ownYKLA&s
Storybook App,Language Storybook App,Dive into our storybook app and learn new languages.,45.57,https://encrypted-tbn0.gstatic.com/images?q=tbn:ANd9GcTitzAnFdzViLEdezpp6LE9p_OSc61ownYKLA&s
Narrative App,Language Storybook App,Narratives that enrich your language learning experience.,34.04,https://encrypted-tbn0.gstatic.com/images?q=tbn:ANd9GcTitzAnFdzViLEdezpp6LE9p_OSc61ownYKLA&s
Narrative App,Language Storybook App,A unique approach to language learning through story immersion.,27.81,https://encrypted-tbn0.gstatic.com/images?q=tbn:ANd9GcTitzAnFdzViLEdezpp6LE9p_OSc61ownYKLA&s
Fable App,Language Storybook App,Follow characters and plots to improve your language abilities.,2.25,https://encrypted-tbn0.gstatic.com/images?q=tbn:ANd9GcTitzAnFdzViLEdezpp6LE9p_OSc61ownYKLA&s
Tale App,Language Storybook App,Story-driven lessons for a memorable learning experience.,2.23,https://encrypted-tbn0.gstatic.com/images?q=tbn:ANd9GcTitzAnFdzViLEdezpp6LE9p_OSc61ownYKLA&s
Fable App,Language Storybook App,Read and listen to stories in multiple languages.,39.94,https://encrypted-tbn0.gstatic.com/images?q=tbn:ANd9GcTitzAnFdzViLEdezpp6LE9p_OSc61ownYKLA&s
Storybook App,Language Storybook App,Interactive reading exercises to boost language retention.,15.33,https://encrypted-tbn0.gstatic.com/images?q=tbn:ANd9GcTitzAnFdzViLEdezpp6LE9p_OSc61ownYKLA&s
Tale App,Language Storybook App,A fun and effective way to learn languages for all ages.,29.44,https://encrypted-tbn0.gstatic.com/images?q=tbn:ANd9GcTitzAnFdzViLEdezpp6LE9p_OSc61ownYKLA&s
Narrative App,Language Storybook App,Beautifully illustrated stories that teach new languages.,35.01,https://encrypted-tbn0.gstatic.com/images?q=tbn:ANd9GcTitzAnFdzViLEdezpp6LE9p_OSc61ownYKLA&s
Storybook App,Language Storybook App,Enhance comprehension skills with our storybook app.,11.65,https://encrypted-tbn0.gstatic.com/images?q=tbn:ANd9GcTitzAnFdzViLEdezpp6LE9p_OSc61ownYKLA&s
Fable App,Language Storybook App,Stories designed to improve reading and listening skills.,6.33,https://encrypted-tbn0.gstatic.com/images?q=tbn:ANd9GcTitzAnFdzViLEdezpp6LE9p_OSc61ownYKLA&s
Storybook App,Language Storybook App,Follow along with engaging stories to learn new languages.,41.86,https://encrypted-tbn0.gstatic.com/images?q=tbn:ANd9GcTitzAnFdzViLEdezpp6LE9p_OSc61ownYKLA&s
Storybook App,Language Storybook App,A creative platform for learning languages through stories.,15.37,https://encrypted-tbn0.gstatic.com/images?q=tbn:ANd9GcTitzAnFdzViLEdezpp6LE9p_OSc61ownYKLA&s
Fable App,Language Storybook App,Interactive storytelling for immersive language learning.,44.57,https://encrypted-tbn0.gstatic.com/images?q=tbn:ANd9GcTitzAnFdzViLEdezpp6LE9p_OSc61ownYKLA&s
Fable App,Language Storybook App,Enjoy our stories and enhance your language proficiency.,33.45,https://encrypted-tbn0.gstatic.com/images?q=tbn:ANd9GcTitzAnFdzViLEdezpp6LE9p_OSc61ownYKLA&s
Challenge App,Language Learning Game,Learn languages through fun and interactive games.,28.73,https://encrypted-tbn0.gstatic.com/images?q=tbn:ANd9GcTitzAnFdzViLEdezpp6LE9p_OSc61ownYKLA&s
Game App,Language Learning Game,Play and learn with our language learning games.,22.49,https://encrypted-tbn0.gstatic.com/images?q=tbn:ANd9GcTitzAnFdzViLEdezpp6LE9p_OSc61ownYKLA&s
Game App,Language Learning Game,Boost your language skills with engaging game-based lessons.,7.43,https://encrypted-tbn0.gstatic.com/images?q=tbn:ANd9GcTitzAnFdzViLEdezpp6LE9p_OSc61ownYKLA&s
Quest App,Language Learning Game,Games designed to make language learning entertaining.,19.48,https://encrypted-tbn0.gstatic.com/images?q=tbn:ANd9GcTitzAnFdzViLEdezpp6LE9p_OSc61ownYKLA&s
Game App,Language Learning Game,Improve vocabulary and grammar with fun language games.,11.17,https://encrypted-tbn0.gstatic.com/images?q=tbn:ANd9GcTitzAnFdzViLEdezpp6LE9p_OSc61ownYKLA&s
Play App,Language Learning Game,A playful approach to mastering new languages.,18.49,https://encrypted-tbn0.gstatic.com/images?q=tbn:ANd9GcTitzAnFdzViLEdezpp6LE9p_OSc61ownYKLA&s
Challenge App,Language Learning Game,Challenge yourself with our language learning games.,48.67,https://encrypted-tbn0.gstatic.com/images?q=tbn:ANd9GcTitzAnFdzViLEdezpp6LE9p_OSc61ownYKLA&s
Play App,Language Learning Game,Interactive games to enhance your language proficiency.,20.81,https://encrypted-tbn0.gstatic.com/images?q=tbn:ANd9GcTitzAnFdzViLEdezpp6LE9p_OSc61ownYKLA&s
Challenge App,Language Learning Game,Combine learning and fun with our language games.,46.38,https://encrypted-tbn0.gstatic.com/images?q=tbn:ANd9GcTitzAnFdzViLEdezpp6LE9p_OSc61ownYKLA&s
Play App,Language Learning Game,Games that make language acquisition an enjoyable experience.,18.26,https://encrypted-tbn0.gstatic.com/images?q=tbn:ANd9GcTitzAnFdzViLEdezpp6LE9p_OSc61ownYKLA&s
Play App,Language Learning Game,Unlock new levels as you improve your language skills.,22.41,https://encrypted-tbn0.gstatic.com/images?q=tbn:ANd9GcTitzAnFdzViLEdezpp6LE9p_OSc61ownYKLA&s
Game App,Language Learning Game,Games that adapt to your language learning progress.,45.32,https://encrypted-tbn0.gstatic.com/images?q=tbn:ANd9GcTitzAnFdzViLEdezpp6LE9p_OSc61ownYKLA&s
Challenge App,Language Learning Game,Compete and learn with friends in our language games.,30.26,https://encrypted-tbn0.gstatic.com/images?q=tbn:ANd9GcTitzAnFdzViLEdezpp6LE9p_OSc61ownYKLA&s
Challenge App,Language Learning Game,Gamified lessons to make language learning exciting.,17.45,https://encrypted-tbn0.gstatic.com/images?q=tbn:ANd9GcTitzAnFdzViLEdezpp6LE9p_OSc61ownYKLA&s
Quest App,Language Learning Game,Interactive puzzles and challenges for language learners.,16.35,https://encrypted-tbn0.gstatic.com/images?q=tbn:ANd9GcTitzAnFdzViLEdezpp6LE9p_OSc61ownYKLA&s
Quest App,Language Learning Game,Learn languages with games that keep you entertained.,34.98,https://encrypted-tbn0.gstatic.com/images?q=tbn:ANd9GcTitzAnFdzViLEdezpp6LE9p_OSc61ownYKLA&s
Challenge App,Language Learning Game,Games that build language skills through play.,46.3,https://encrypted-tbn0.gstatic.com/images?q=tbn:ANd9GcTitzAnFdzViLEdezpp6LE9p_OSc61ownYKLA&s
Play App,Language Learning Game,A fun and dynamic way to learn new languages.,5.39,https://encrypted-tbn0.gstatic.com/images?q=tbn:ANd9GcTitzAnFdzViLEdezpp6LE9p_OSc61ownYKLA&s
Game App,Language Learning Game,Games that test and improve your language knowledge.,17.67,https://encrypted-tbn0.gstatic.com/images?q=tbn:ANd9GcTitzAnFdzViLEdezpp6LE9p_OSc61ownYKLA&s
Quest App,Language Learning Game,Educational games for effective language learning.,9.71,https://encrypted-tbn0.gstatic.com/images?q=tbn:ANd9GcTitzAnFdzViLEdezpp6LE9p_OSc61ownYKLA&s
Game App,Language Learning Game,Interactive gameplay that enhances language retention.,45.47,https://encrypted-tbn0.gstatic.com/images?q=tbn:ANd9GcTitzAnFdzViLEdezpp6LE9p_OSc61ownYKLA&s
Quest App,Language Learning Game,Engage in language learning through gamification.,25.07,https://encrypted-tbn0.gstatic.com/images?q=tbn:ANd9GcTitzAnFdzViLEdezpp6LE9p_OSc61ownYKLA&s
Quest App,Language Learning Game,A collection of games designed to teach languages.,31.79,https://encrypted-tbn0.gstatic.com/images?q=tbn:ANd9GcTitzAnFdzViLEdezpp6LE9p_OSc61ownYKLA&s
Challenge App,Language Learning Game,Experience the joy of learning languages with games.,36.14,https://encrypted-tbn0.gstatic.com/images?q=tbn:ANd9GcTitzAnFdzViLEdezpp6LE9p_OSc61ownYKLA&s
Play App,Language Learning Game,Entertaining games that make language learning easy.,4.97,https://encrypted-tbn0.gstatic.com/images?q=tbn:ANd9GcTitzAnFdzViLEdezpp6LE9p_OSc61ownYKLA&s
3D Experience App,Virtual Reality Language App,Experience language learning in a virtual reality environment.,27.49,https://encrypted-tbn0.gstatic.com/images?q=tbn:ANd9GcTitzAnFdzViLEdezpp6LE9p_OSc61ownYKLA&s
VR App,Virtual Reality Language App,Immersive VR experiences to enhance your language skills.,32.08,https://encrypted-tbn0.gstatic.com/images?q=tbn:ANd9GcTitzAnFdzViLEdezpp6LE9p_OSc61ownYKLA&s
VR App,Virtual Reality Language App,Learn languages in a 3D virtual world.,29.55,https://encrypted-tbn0.gstatic.com/images?q=tbn:ANd9GcTitzAnFdzViLEdezpp6LE9p_OSc61ownYKLA&s
Virtual Reality App,Virtual Reality Language App,A revolutionary way to learn languages through VR.,18.87,https://encrypted-tbn0.gstatic.com/images?q=tbn:ANd9GcTitzAnFdzViLEdezpp6LE9p_OSc61ownYKLA&s
Virtual Reality App,Virtual Reality Language App,Step into virtual reality and master new languages.,9.27,https://encrypted-tbn0.gstatic.com/images?q=tbn:ANd9GcTitzAnFdzViLEdezpp6LE9p_OSc61ownYKLA&s
Simulation App,Virtual Reality Language App,Realistic VR scenarios for effective language learning.,8.66,https://encrypted-tbn0.gstatic.com/images?q=tbn:ANd9GcTitzAnFdzViLEdezpp6LE9p_OSc61ownYKLA&s
Virtual Reality App,Virtual Reality Language App,Interact with virtual environments to learn languages.,32.76,https://encrypted-tbn0.gstatic.com/images?q=tbn:ANd9GcTitzAnFdzViLEdezpp6LE9p_OSc61ownYKLA&s
Simulation App,Virtual Reality Language App,A fully immersive language learning experience in VR.,11.04,https://encrypted-tbn0.gstatic.com/images?q=tbn:ANd9GcTitzAnFdzViLEdezpp6LE9p_OSc61ownYKLA&s
Simulation App,Virtual Reality Language App,Practice languages in simulated real-world situations.,19.86,https://encrypted-tbn0.gstatic.com/images?q=tbn:ANd9GcTitzAnFdzViLEdezpp6LE9p_OSc61ownYKLA&s
Simulation App,Virtual Reality Language App,Engage in conversations in a virtual reality setting.,10.03,https://encrypted-tbn0.gstatic.com/images?q=tbn:ANd9GcTitzAnFdzViLEdezpp6LE9p_OSc61ownYKLA&s
Virtual Reality App,Virtual Reality Language App,VR technology to bring language learning to life.,23.5,https://encrypted-tbn0.gstatic.com/images?q=tbn:ANd9GcTitzAnFdzViLEdezpp6LE9p_OSc61ownYKLA&s
3D Experience App,Virtual Reality Language App,Learn languages through virtual reality adventures.,33.43,https://encrypted-tbn0.gstatic.com/images?q=tbn:ANd9GcTitzAnFdzViLEdezpp6LE9p_OSc61ownYKLA&s
Virtual Reality App,Virtual Reality Language App,Explore VR worlds and improve your language proficiency.,18.64,https://encrypted-tbn0.gstatic.com/images?q=tbn:ANd9GcTitzAnFdzViLEdezpp6LE9p_OSc61ownYKLA&s
3D Experience App,Virtual Reality Language App,A new dimension in language learning with VR.,30.91,https://encrypted-tbn0.gstatic.com/images?q=tbn:ANd9GcTitzAnFdzViLEdezpp6LE9p_OSc61ownYKLA&s
3D Experience App,Virtual Reality Language App,Virtual reality lessons for immersive language acquisition.,14.77,https://encrypted-tbn0.gstatic.com/images?q=tbn:ANd9GcTitzAnFdzViLEdezpp6LE9p_OSc61ownYKLA&s
3D Experience App,Virtual Reality Language App,Experience cultural immersion with VR language learning.,40.67,https://encrypted-tbn0.gstatic.com/images?q=tbn:ANd9GcTitzAnFdzViLEdezpp6LE9p_OSc61ownYKLA&s
Virtual Reality App,Virtual Reality Language App,A dynamic and interactive VR language learning app.,31.79,https://encrypted-tbn0.gstatic.com/images?q=tbn:ANd9GcTitzAnFdzViLEdezpp6LE9p_OSc61ownYKLA&s
3D Experience App,Virtual Reality Language App,Learn languages as if you are in a different country.,40.69,https://encrypted-tbn0.gstatic.com/images?q=tbn:ANd9GcTitzAnFdzViLEdezpp6LE9p_OSc61ownYKLA&s
VR App,Virtual Reality Language App,VR scenarios to practice and perfect your language skills.,12.65,https://encrypted-tbn0.gstatic.com/images?q=tbn:ANd9GcTitzAnFdzViLEdezpp6LE9p_OSc61ownYKLA&s
VR App,Virtual Reality Language App,Step into VR and enhance your language abilities.,44,https://encrypted-tbn0.gstatic.com/images?q=tbn:ANd9GcTitzAnFdzViLEdezpp6LE9p_OSc61ownYKLA&s
Simulation App,Virtual Reality Language App,An innovative approach to language learning through VR.,21.24,https://encrypted-tbn0.gstatic.com/images?q=tbn:ANd9GcTitzAnFdzViLEdezpp6LE9p_OSc61ownYKLA&s
Virtual Reality App,Virtual Reality Language App,Real-world practice in a virtual reality environment.,36.04,https://encrypted-tbn0.gstatic.com/images?q=tbn:ANd9GcTitzAnFdzViLEdezpp6LE9p_OSc61ownYKLA&s
3D Experience App,Virtual Reality Language App,Engage in VR interactions to boost language fluency.,40.04,https://encrypted-tbn0.gstatic.com/images?q=tbn:ANd9GcTitzAnFdzViLEdezpp6LE9p_OSc61ownYKLA&s
Simulation App,Virtual Reality Language App,Explore virtual settings and learn new languages.,30.39,https://encrypted-tbn0.gstatic.com/images?q=tbn:ANd9GcTitzAnFdzViLEdezpp6LE9p_OSc61ownYKLA&s
Simulation App,Virtual Reality Language App,A captivating VR experience for language learners.,37.89,https://encrypted-tbn0.gstatic.com/images?q=tbn:ANd9GcTitzAnFdzViLEdezpp6LE9p_OSc61ownYKLA&s
